Location,Cat_B
Sharm El Sheikh,0.0
Marsa Aalam,0.0
Gabon,0.0
Hebei,0.0
Tokyo - Narita,9.513909961100751
Ras El Khaymah,0.0
Enfidha,9.993238406552752
Osaka - Kansai,5.081883479516199
San Salvador Comalapa,9.80330619877573
Munster-Osnabruck,0.0
Adana Airport,9.159195623169557
Madeira,0.0
Lagos,10.0
Praia,10.0
Kayseri Airport,10.0
St. George's Point Saline,9.9993873353484
Cukurova Airport,9.083979949225299
Rhodes,10.0
Hefei Xinqiao,6.541016363962926
Denizli Cardak Airport,9.342410201852896
Glasgow Prestwick,0.0
Krakow Balice,0.0
Paris Orly,9.999999999999996
Ohrid,0.0
Kagoshima,0.0
Asturias,0.0
Santiago De Compostela,0.0
Bogota,9.903834942592178
Faro Airport,0.0
Edinburgh,0.0
Colombo,9.999999999999996
Luxor,0.0
Aswan,0.0
Santo Domingo Las Americas,9.644460176964877
Belo Horizonte,9.998608763341059
Fukuoka,9.463165452712053
Verona,0.0
Port-au-Prince (Haiti),0.0
Montego Bay,9.611246344354115
Fort-de-France,10.0
Busan - Kimhae,9.84879886219121
Jinan Xiaoqiang,5.90259028578219
Zhukovsky,0.0
Malaga,0.0
Xiamen Gaoqi,9.953257374628684
Seoul,8.540526633976404
Hanoi,0.0
Kingston,0.0
Cheongju,9.898377443336164
Leopold Sedar Senghar,0.0
Yantai Penglai,9.972627549374343
Bandaranaike,0.0
London City,0.0
Xian Xianyang,9.820119889565184
Volgograd,0.0
Vilnius,0.0
Danang,0.0
Roland Garros,10.0
Recife,9.993827488258754
Bydgoszcz,0.0
Manama,5.513025756141752
Medellin Jose Maria Cordova,0.0
Bridgetown,0.0
Bremen,0.0
Kigali,0.0
Lucknow,0.0
Bristol,0.0
Nis,0.0
Jeju,9.73857357314902
Luanda,0.0
Ningbo Lishe,0.0946555759218226
Anna,0.0
Cancun,9.858803368436806
Florianopolis,10.0
Bujumbura,0.0
Macau,10.0
Netaji Subhash Chandra Bose Int. Airport,0.0
Yinchuan Hedong,7.01408010858033
Sofia,0.0
Zakynthos,0.0
Incheon,9.638618444531948
Daegu (downtown),9.733431333086468
Doha,0.0
Qingdao Liuting,9.875638614121309
Taichung,9.964350742284715
Copenhagen,0.0
Johor Bahru,7.83551210042228
Faroe Islands,0.0
Corfu,10.0
Cartagena de Indias,0.0
Basseterre (Saint Kitts),9.938044863528374
Porto Alegre,10.0
Salalah,0.0
Beauvais,0.0
Muan,10.0
Astrakhan,0.0
Barcelona,0.0
Fukushima,0.0
Queretaro,0.0
Batumi,0.0
Chattrapati Shivaji,0.0
Samsun Airport,9.04435424202746
Poznan-Lawica,0.0
Jeddah,10.0
Hangzhou Xiaoshan,2.415230638693507
Reus,0.0
Rio de Janeiro,10.0
Amman,9.999999999999996
Ciampino Airport,0.0
Christchurch,0.0
Jaipur,0.0
Niamey,0.0
Los Cabos,9.93263681903063
Bodrum Airport,9.61451312511527
Shenyang Taoxian,9.88739400978811
Konya Airport,8.059718228480742
Elblag,0.0
Kutahya Airport,10.0
Shizuoka,0.0
Bourgas,0.0
Soekarno Hatta,9.999999999999998
Dalian Zhoushuizi,9.944036592764622
Antalya Gazipasa Airport,9.2301984129937
Alicante,0.0
Florence,0.0
Guatemala City,5.116465043005254
Montevideo,0.0
Sfax,10.0
Nantes,10.0
Dalaman Airport,0.0
Mudanjiang Hailang,8.446070841184463
Paris Charles De Gaulle,10.0
Abidjan,10.0
Naples,0.0
St. Petersburg Pulkovo,0.0
Wuhan Tianhe,7.367285608272308
Ouarzazate,10.0
Rabil,9.999999999999996
Natal,10.0
Cam Ranh,0.0
Busan - Kimhae (downtown),2.6408985366861493
Santiago Arturo Merino Benitez,10.0
Daegu,8.336940756877883
Karpathos,0.0
Beijing,6.270890112579698
Hurgada,0.0
Naha,0.0
Prague,0.0
Yanji Zhaoyangchuan,0.0
Min Vody,0.0
Brasilia,9.999924497984523
Izmir Airport,9.624082882997323
Djibouti,0.0
Kaunas,0.0
Yangon,0.0
Bournemouth,0.0
Kuala Lumpur,9.165350911491958
Cali,8.857973444182221
Frankfurt,0.0
Entebbe,0.0
Ibaraki,0.0
Dublin,0.0
Sochi,0.0
Bangalore,10.0
Erbil International Airport,0.0
Granada,0.0
Antigua,0.0
Huatulco,0.0
Samana El Catey,10.0
Moscow - Vnukovo,0.0
Milan - Linate,0.0
Sharjah,9.304957000175841
Melbourne,0.0
Basel,10.0
Aarhus,0.0
Iwate,0.0
Sarajevo,0.0
Trondheim,0.0
Essaouira,9.985785323847452
Douala,0.0
Warsaw-Modlin,0.0
Bordeaux,10.0
Cardiff,0.0
Changchun Longjia,10.0
Nouakchott,0.0
Istanbul Asia Airport,8.498638952749872
Gibraltar,0.0
Nice,10.0
Indira Gandhi,0.0
Athens,10.0
Pamandzi,0.0
Xuzhou Guanyin,3.077488644949547
Diyarbakir Airport,8.533975562171113
Guangzhou Baiyun,9.74763175206672
Shanghai Hongqiao,6.633158459977885
Krasnoyarsk,0.0
Viracopos,9.998113705943227
Tokyo - Haneda,0.0
Kuwait,9.937619137795632
Nanjing Lukou,5.515333432355289
Skiathos,0.0
Pisa,0.0
Brisbane,0.0
London Gatwick,0.0
Male,0.0
Norwich,0.0
Istanbul Airport,0.0
London Southend Airport,0.0
Torino,0.0
Lodz,0.0
Everrich Downtown Kinmen,9.96434819317729
Ulaanbaatar,0.0
Oranjestad,9.154446465949414
Antalya Airport,9.680017939594787
Vigo,0.0
Geneva,10.0
Lima,9.991862889279197
Murcia,0.0
Johannesburg,10.0
Moscow - Sheremetyevo,0.0
Chongqing Jiangbei,9.908305088901326
Oujda,9.998636898988892
San Jose,0.0
Skopje,0.0
Rotterdam,0.0
Vientiane,0.0
Curacao,0.0
Cairo,9.999999999999998
Tel-Aviv,0.0
Quanzhou,0.0
Mykonos,0.0
Monastir,9.992678311146388
Adelaide,0.0
Mitilini,0.0
Mexico City,9.870943455145348
Espargos,9.999926747817097
Managua,9.455220141642975
Addis Ababa,9.997484903189287
Heraklion Airport,10.0
Quito,9.734068433799413
Genoa,0.0
RIYADH,9.99964107742663
Iloilo,0.0
Eskisehir Airport,8.938868357172069
Ankara Airport,9.520905262573255
Gdansk,0.0
Wenzhou Longwan,4.7008795448836445
Kota Kinabalu,3.372223071181363
Weihai Dashuibo,9.962916170786002
Mendoza,0.0
Tuzla,0.0
Guayaquil,10.0
Guadalajara,9.90091667072798
Lubumbashi,0.0
Yancheng Nanyang,0.0
Warsaw,0.0
Bamako,0.0
Lyon Saint Exupery,10.0
Sevilla,0.0
Hannover,0.0
Almaty,0.0
Nador,9.98996676167996
Podgorica,0.0
Perth,10.0
Mazatlan,9.321659754636126
Newcastle,0.0
Dubai,8.819849319184673
Santiago Cibao,2.386470660796951
Vienna,0.0
Manila - Ninoy Aquino,0.0
Duesseldorf,0.0
Kilimanjaro,0.0
Medina,10.0
Stavanger,0.0
Taiyuan Wusu,10.0
Lulea,0.0
Jerba,9.979188020710543
Durban,10.0
Rosario,0.0
Beirut - Rafik Hariri,0.0
Wuxi Shuofang,10.0
Sao Paulo - Guarulhos,9.997073720896703
Hong Kong,9.991764611272659
Bergen,0.0
Olsztyn,0.0
Salzburg,0.0
Dortmund,0.0
Billund,0.0
Rabat,9.999483969237309
Yangyang,10.0
Varna,0.0
Buenos Aires Aeroparque,0.0
Leeds Bradford,0.0
Lusaka,0.0
Singapore - Changi,0.0
Nykoping,0.0
Aktio,0.0
Puerto Vallarta,9.836285392949012
Amsterdam - Schiphol,0.0
London Stansted,0.0
Puerto Plata,9.110832688288363
Punta del Este,0.0
Manas,0.0
Ho Chi Minh,0.0
Phnom Penh,4.27526805025105
Tbilisi,0.0
Katowice,0.0
Nanning Wuxu,9.375967349051194
Kaohsiung,9.967393876535425
Birmingham,0.0
Guiyang Longdongbao,0.0
Berlin Brandenburg,0.0
Radom,0.0
Treviso,0.0
Trichy,0.0
Jersey,0.0
Gaziantep Airport,8.920204851154981
Bariloche,0.0
Cozumel,9.9990011315203
Zurich,10.0
Hohhot Baita,10.0
Alexandria,0.0
Tarbes - Lourdes,9.999999999999998
Sardar Vallabh Bhai Patel,0.0
Cape Town,10.0
Marka,0.0
Nairobi,0.0
Sanya Fenghuang,0.0
Urumchi Diwobao,9.998428366126324
Manchester,0.0
Liberia,0.0
Tangier,9.989729518358878
Exeter,0.0
Paderborn,0.0
Sendai,0.0
Fes,9.99775977903399
Humberside,0.0
Marseille,10.0
Hiroshima,0.0
Muscat,0.0
Gaborone,0.0
Goa,0.0
Paramaribo,0.0
PRISTINA,0.0
Mandalay,0.0
La Romana,9.969498785535677
La Paz Manuel Marquez de Leon,0.0
Dubrovnik,0.0
Seoul (downtown),0.3496579551187395
Marrakech,9.97810923701457
Stuttgart,0.0
Cologne,0.0
Casablanca,9.973674461833982
Asyut,0.0
Shannon,0.0
Auckland,0.0
Abu Dhabi,9.624509661011395
Jomo Kenyatta,9.993496647525237
Trabzon Airport,5.385317051936381
Karipur,0.0
Pengsheng,0.0
Changsha Huanghua,9.448638294849015
Belgrade,0.0
Mangalore,0.0
Shanghai Pudong,3.5696188978475636
Togo,0.0
Tokyo - Shinjuku,0.0
Kutaisi,0.0
Belize City,0.0
Szczecin,0.0
Kralendijk (Bonaire),0.0
Tulear,0.0
Tirana,0.0
Hamburg,0.0
Chitose,0.0
Jeju (downtown),0.11846661695817447
Tunis,9.99054256700627
Dresden,0.0
Katima Mulilo,0.0
Panama Tocumen,9.963692734468804
Chambery,0.0
Nanchang Changbei,10.0
Komatsu,0.0
Phu Quok,0.0
Gerona,0.0
Asuncion Silvio Petterossi,0.0
Fuerteventura,0.0
Rzeszow,0.0
Okayama,9.93444221175235
Rome Fiumicino,0.0
Lisbon,0.0
Cochin,0.0
Takamatsu,0.0
Cairns,0.0
Valencia,0.0
Chubu,8.980981121470355
Zagreb,0.0
Dar Es Salaam,10.0
Kos,0.0
Oslo,0.0
Cayenne,10.0
Tozeur,10.0
Santorini,0.0
Montpellier,0.0
Bergamo,0.0
Buenos Aires - Ezeiza,0.0
Punta Cana - Higuey,9.822873512533828
Banja Luka,0.0
Salvador,10.0
Bangui,0.0
Kunming Wujiaba,9.994041871579237
Penang,10.0
Brno,0.0
Lille,0.0
Zhengzhou Xinzheng,2.5301140074920587
Porto,0.0
Abuja,9.999999999999998
Manila Downtown Shop,0.0
Windhoek,0.0
Ostrava,0.0
Thessaloniki,0.0
Ibiza,0.0
Graz,0.0
Vaxjo,0.0
Agadir,9.983407241514248
Helsinki-Vantaa,0.0
Cordoba,0.0
St. Maarten Princess Juliana,0.0
Baku,0.0
Kinshasa,0.0
Zanzibar,0.0
Pointe-a-Pitre,10.0
Oita,0.0
Samara,0.0
London Luton,0.0
Tenerife,0.0
Accra,9.998051094576688
Samos,0.0
Port Louis,0.0
Monterrey,10.0
Grenoble,10.0
Jerez De La Frontera,0.0
Eindhoven,0.0
Sihanoukville,10.0
Madrid Barajas,0.0
Fuzhou Changle,10.0
Palermo,0.0
Baghdad,0.0
Aalborg,0.0
Ixtapa Zihuatanejo,9.848042865069353
Almeria,0.0
Zia,0.0
Kavala,0.0
Ekaterinburg,0.0
Southampton,0.0
Nuernberg,0.0
Palma De Mallorca,0.0
Chengdu Tianfu,7.524976896202798
Danang Downtown Shop,0.0
Hyderabad,0.0
Fortaleza,10.0
Amritsar,0.0
Toulouse,9.999999999999998
Aqaba,10.0
Minsk,0.0
La Palma,0.0
Milan - Malpensa,0.0
Alexandoupolis,0.0
Kalibo,0.0
Taipei - Taoyuan,9.970030221692188
Chania,0.0
Sydney,0.0
Cork,0.0
Lanzarote,0.0
DAMMAM,10.0
A Coruna,0.0
Aomori,0.0
Sierra Leone,0.0
Wroclaw,0.0
Riga,0.0
Banjul,0.0
Sandefjord-Torp,0.0
Yerevan,0.0
Strasbourg,0.0
Stockholm Arlanda,0.0
Liverpool,0.0
Suleymania Airport,0.0
Malmo,0.0
Novosibirsk,0.0
London Heathrow,0.0
Guernsey,0.0
Ngurah Rai,9.96331188355975
Split,0.0
Munich,0.0
Lublin,0.0
Ioannina,0.0
Bilbao,0.0
Aberdeen,0.0
Gran Canaria,0.0
Venice,0.0
Tashkent,0.0
Santander,0.0
Juba,0.0
Bologna,0.0
Umea,0.0
Glasgow,0.0
East Midlands,0.0
Miyazaki,0.0
Brussels,0.0
Mahon Airport,0.0
Haiphong,0.0
Basrah,0.0
Harbin Taiping,0.0
Bari,0.0
Astana,0.0
Queenstown,0.0
Makhachkala,0.0
Charleroi,0.0
Orebro,0.0
Moscow - Domodedovo,0.0
