Location,Cat_A,Green_Count,Red_Count,Total_SKUs,Cat_B,Cat_D,Avg_Score
Konya Airport,6.87,5.0,0.0,81.0,8.059718228480742,,7.464859114240371
Paris Charles De Gaulle,6.67,4.0,2.0,69.0,10.0,10.0,8.89
Hohhot Baita,6.71,1.0,0.0,82.0,10.0,9.38,8.696666666666667
Ngurah Rai,6.76,4.0,0.0,140.0,9.96331188355975,0.47,5.731103961186584
Manchester,6.49,0.0,2.0,76.0,0.0,3.39,3.2933333333333334
Warsaw,6.83,3.0,0.0,62.0,0.0,,3.415
Incheon,6.08,0.0,14.0,158.0,9.638618444531948,0.23,5.316206148177316
Dubai,6.57,11.0,9.0,253.0,8.819849319184673,10.0,8.463283106394892
Marrakech,6.43,8.0,12.0,223.0,9.97810923701457,0.0,5.469369745671524
Tangier,6.6,8.0,6.0,196.0,9.989729518358878,0.6,5.729909839452961
DAMMAM,6.77,3.0,0.0,94.0,10.0,1.75,6.173333333333333
Izmir Airport,6.82,17.0,0.0,370.0,9.624082882997323,,8.22204144149866
Chitose,4.94,0.0,7.0,27.0,0.0,,2.47
Komatsu,4.76,0.0,2.0,7.0,0.0,,2.38
Osaka - Kansai,6.58,0.0,3.0,235.0,5.081883479516199,,5.830941739758099
Jeddah,6.45,3.0,5.0,110.0,10.0,,8.225
Hannover,6.79,2.0,0.0,53.0,0.0,,3.395
Changsha Huanghua,6.52,0.0,2.0,92.0,9.448638294849015,9.76,8.576212764949672
Gabon,6.79,2.0,0.0,56.0,0.0,0.12,2.3033333333333332
Chengdu Tianfu,6.52,0.0,2.0,91.0,7.524976896202798,0.13,4.724992298734266
Taipei - Taoyuan,5.89,0.0,5.0,43.0,9.970030221692188,1.75,5.870010073897396
Lagos,6.83,3.0,0.0,60.0,10.0,7.8,8.209999999999999
Samana El Catey,6.85,3.0,0.0,56.0,10.0,,8.425
Banjul,6.9,2.0,0.0,28.0,0.0,,3.45
Casablanca,6.47,7.0,10.0,226.0,9.973674461833982,0.12,5.5212248206113275
Athens,6.26,3.0,7.0,90.0,10.0,7.67,7.976666666666667
Santo Domingo Las Americas,6.8,5.0,0.0,122.0,9.644460176964877,8.55,8.33148672565496
Istanbul Airport,6.79,10.0,0.0,278.0,0.0,,3.395
Mexico City,6.84,8.0,0.0,150.0,9.870943455145348,,8.355471727572674
Faro Airport,6.74,1.0,0.0,48.0,0.0,,3.37
Zakynthos,5.44,0.0,11.0,60.0,0.0,1.14,2.1933333333333334
Jeju,6.06,0.0,13.0,142.0,9.73857357314902,1.25,5.68285785771634
Ouarzazate,6.83,6.0,0.0,126.0,10.0,10.0,8.943333333333333
RIYADH,6.81,4.0,0.0,96.0,9.99964107742663,5.55,7.453213692475543
Weihai Dashuibo,6.75,2.0,0.0,79.0,9.962916170786002,5.7,7.470972056928667
Pisa,6.85,2.0,0.0,36.0,0.0,10.0,5.616666666666667
Bogota,6.84,6.0,0.0,117.0,9.903834942592178,1.21,5.984611647530727
Santorini,5.38,2.0,11.0,52.0,0.0,9.0,4.793333333333333
Colombo,6.7,1.0,0.0,116.0,9.999999999999996,,8.349999999999998
Lyon Saint Exupery,6.77,4.0,1.0,67.0,10.0,4.9,7.223333333333334
Changzhou Benniu,6.91,6.0,0.0,81.0,,,6.91
Istanbul Asia Airport,6.8,15.0,0.0,370.0,8.498638952749872,10.0,8.432879650916624
Diyarbakir Airport,6.84,11.0,0.0,212.0,8.533975562171113,,7.6869877810855565
Asuncion Silvio Petterossi,6.85,1.0,0.0,18.0,0.0,,3.425
Valencia,6.5,3.0,3.0,59.0,0.0,,3.25
Erbil International Airport,5.0,0.0,5.0,20.0,0.0,,2.5
Alexandoupolis,5.71,1.0,8.0,52.0,0.0,,2.855
Essaouira,6.84,7.0,0.0,138.0,9.985785323847452,,8.412892661923726
Oranjestad,6.8,6.0,0.0,152.0,9.154446465949414,1.97,5.974815488649804
Ibiza,6.46,2.0,3.0,64.0,0.0,,3.23
Hurgada,6.72,2.0,0.0,116.0,0.0,0.0,2.2399999999999998
Shenyang Taoxian,6.48,1.0,3.0,91.0,9.88739400978811,0.02,5.46246466992937
Ho Chi Minh,6.67,0.0,0.0,33.0,0.0,10.0,5.5566666666666675
Reus,6.26,1.0,3.0,41.0,0.0,,3.13
Wenzhou Longwan,6.55,1.0,2.0,86.0,4.7008795448836445,0.88,4.043626514961216
Tokyo - Narita,6.55,1.0,3.0,141.0,9.513909961100751,0.08,5.381303320366917
Agadir,6.43,9.0,12.0,215.0,9.983407241514248,,8.206703620757125
Gdansk,6.81,2.0,0.0,48.0,0.0,10.0,5.603333333333333
Ixtapa Zihuatanejo,6.86,5.0,0.0,86.0,9.848042865069353,10.0,8.902680955023117
Bournemouth,6.22,0.0,3.0,45.0,0.0,,3.11
Gaziantep Airport,6.85,11.0,0.0,202.0,8.920204851154981,10.0,8.590068283718326
Prague,6.07,1.0,3.0,28.0,0.0,,3.035
Medellin Jose Maria Cordova,5.08,1.0,10.0,40.0,0.0,,2.54
Gran Canaria,6.76,2.0,0.0,69.0,0.0,,3.38
Hong Kong,6.21,1.0,5.0,65.0,9.991764611272659,,8.100882305636329
Leopold Sedar Senghar,6.72,3.0,1.0,63.0,0.0,1.01,2.5766666666666667
Hefei Xinqiao,6.63,1.0,1.0,85.0,6.541016363962926,8.71,7.293672121320976
Thessaloniki,5.98,3.0,9.0,73.0,0.0,,2.99
Nuernberg,6.86,3.0,0.0,52.0,0.0,,3.43
Antalya Airport,6.78,12.0,0.0,369.0,9.680017939594787,,8.230008969797394
Taichung,6.03,0.0,4.0,42.0,9.964350742284715,,7.997175371142358
Belo Horizonte,6.85,5.0,0.0,92.0,9.998608763341059,,8.42430438167053
Male,5.33,0.0,8.0,40.0,0.0,,2.665
Busan - Kimhae,6.02,0.0,14.0,144.0,9.84879886219121,,7.9343994310956045
Lanzarote,6.76,2.0,0.0,70.0,0.0,,3.38
Tenerife,6.76,2.0,0.0,71.0,0.0,,3.38
Wuxi Shuofang,6.71,1.0,0.0,81.0,10.0,9.13,8.613333333333335
Hanoi,5.4,0.0,8.0,42.0,0.0,10.0,5.133333333333334
Zhengzhou Xinzheng,5.65,0.0,16.0,105.0,2.5301140074920587,9.35,5.843371335830686
Zurich,6.27,3.0,10.0,143.0,10.0,0.0,5.423333333333333
Kuwait,6.05,8.0,19.0,163.0,9.937619137795632,,7.993809568897817
Guadalajara,6.86,6.0,0.0,104.0,9.90091667072798,,8.38045833536399
Medina,6.87,5.0,0.0,81.0,10.0,,8.435
Melbourne,6.76,2.0,0.0,74.0,0.0,,3.38
Xuzhou Guanyin,6.75,2.0,0.0,80.0,3.077488644949547,,4.913744322474773
Beijing,5.91,1.0,12.0,101.0,6.270890112579698,,6.090445056289849
Naples,6.04,2.0,6.0,53.0,0.0,1.21,2.4166666666666665
Skopje,6.8,3.0,0.0,73.0,0.0,0.0,2.2666666666666666
Ningbo Lishe,6.2,1.0,7.0,93.0,0.0946555759218226,9.64,5.311551858640608
Doha,5.05,1.0,18.0,72.0,0.0,,2.525
Batumi,6.83,2.0,0.0,41.0,0.0,,3.415
Daegu,6.13,1.0,10.0,119.0,8.336940756877883,,7.233470378438941
Aktio,6.05,1.0,4.0,38.0,0.0,,3.025
Xian Xianyang,6.49,1.0,3.0,92.0,9.820119889565184,3.05,6.453373296521729
Chattrapati Shivaji,5.05,0.0,9.0,37.0,0.0,,2.525
Sharm El Sheikh,6.78,4.0,0.0,115.0,0.0,7.96,4.913333333333333
Bergamo,6.86,3.0,0.0,52.0,0.0,0.88,2.58
Fukuoka,6.51,0.0,3.0,130.0,9.463165452712053,,7.986582726356026
Madrid Barajas,6.83,4.0,0.0,83.0,0.0,1.27,2.6999999999999997
Munich,6.35,4.0,5.0,64.0,0.0,10.0,5.45
Bodrum Airport,6.75,9.0,0.0,341.0,9.61451312511527,1.4,5.921504375038423
Geneva,6.41,6.0,9.0,157.0,10.0,,8.205
Hyderabad,5.18,1.0,9.0,38.0,0.0,,2.59
Sofia,6.75,1.0,0.0,42.0,0.0,10.0,5.583333333333333
Suleymania Airport,6.81,1.0,0.0,24.0,0.0,,3.405
Sao Paulo - Guarulhos,6.85,7.0,0.0,126.0,9.997073720896703,8.6,8.482357906965568
Manama,6.74,4.0,0.0,187.0,5.513025756141752,,6.126512878070876
Chubu,6.58,0.0,2.0,157.0,8.980981121470355,,7.780490560735178
Viracopos,6.85,6.0,0.0,107.0,9.998113705943227,,8.424056852971614
Stuttgart,6.88,3.0,0.0,48.0,0.0,0.02,2.3
Amman,6.02,7.0,20.0,170.0,9.999999999999996,,8.009999999999998
Port Louis,5.24,1.0,2.0,7.0,0.0,,2.62
Abu Dhabi,5.75,7.0,24.0,149.0,9.624509661011395,0.23,5.201503220337131
Salalah,6.73,1.0,0.0,53.0,0.0,,3.365
Sendai,4.89,0.0,4.0,15.0,0.0,,2.445
Shanghai Pudong,5.93,0.0,11.0,99.0,3.5696188978475636,7.51,5.669872965949188
Tel-Aviv,5.42,1.0,5.0,24.0,0.0,,2.71
Aqaba,6.86,5.0,0.0,88.0,10.0,,8.43
Cancun,6.84,8.0,0.0,153.0,9.858803368436806,6.6,7.766267789478936
Doncaster,7.32,8.0,0.0,41.0,,,7.32
Fes,6.51,7.0,8.0,186.0,9.99775977903399,,8.253879889516995
La Romana,6.83,3.0,0.0,63.0,9.969498785535677,3.07,6.623166261845225
Adana Airport,6.87,5.0,0.0,84.0,9.159195623169557,0.1,5.37639854105652
Dalaman Airport,6.79,10.0,0.0,263.0,0.0,,3.395
Katima Mulilo,4.76,0.0,2.0,7.0,0.0,,2.38
Qingdao Liuting,6.05,0.0,9.0,97.0,9.875638614121309,,7.962819307060654
Port-au-Prince (Haiti),6.76,1.0,0.0,35.0,0.0,,3.38
Amritsar,4.87,0.0,7.0,26.0,0.0,,2.435
Sharjah,5.78,6.0,22.0,143.0,9.304957000175841,,7.54247850008792
Malaga,6.48,2.0,3.0,73.0,0.0,,3.24
Marsa Aalam,6.73,2.0,0.0,111.0,0.0,0.12,2.2833333333333337
Urumchi Diwobao,6.48,1.0,3.0,89.0,9.998428366126324,,8.239214183063162
Manas,6.15,3.0,8.0,84.0,0.0,,3.075
Dar Es Salaam,6.5,3.0,3.0,59.0,10.0,,8.25
Almaty,5.0,1.0,6.0,22.0,0.0,,2.5
Punta Cana - Higuey,6.78,6.0,0.0,171.0,9.822873512533828,4.46,7.0209578375112764
Frankfurt,6.82,4.0,0.0,88.0,0.0,10.0,5.6066666666666665
Yanji Zhaoyangchuan,6.54,1.0,2.0,82.0,0.0,,3.27
Ankara Airport,6.84,17.0,0.0,324.0,9.520905262573255,4.71,7.0236350875244185
Jomo Kenyatta,6.42,5.0,6.0,93.0,9.993496647525237,,8.206748323762618
Oujda,6.55,6.0,6.0,176.0,9.998636898988892,0.47,5.67287896632963
Sevilla,6.44,2.0,3.0,58.0,0.0,,3.22
Phnom Penh,6.75,3.0,0.0,126.0,4.27526805025105,0.16,3.728422683417017
Rome Fiumicino,6.87,4.0,0.0,66.0,0.0,,3.435
Shanghai Hongqiao,6.1,0.0,8.0,94.0,6.633158459977885,0.72,4.4843861533259615
St. Maarten Princess Juliana,5.76,2.0,4.0,22.0,0.0,,2.88
Trabzon Airport,6.84,5.0,0.0,99.0,5.385317051936381,10.0,7.408439017312126
Almeria,6.36,2.0,3.0,43.0,0.0,0.51,2.29
Monastir,6.39,4.0,8.0,144.0,9.992678311146388,,8.191339155573194
Puerto Vallarta,6.84,6.0,0.0,114.0,9.836285392949012,,8.338142696474506
Jinan Xiaoqiang,6.67,0.0,0.0,87.0,5.90259028578219,9.9,7.490863428594063
Mykonos,5.53,1.0,8.0,44.0,0.0,3.5,3.0100000000000002
Lublin,6.82,2.0,0.0,43.0,0.0,,3.41
Florence,6.86,3.0,0.0,51.0,0.0,,3.43
Kunming Wujiaba,6.16,1.0,8.0,98.0,9.994041871579237,3.84,6.664680623859746
Puerto Plata,6.82,5.0,0.0,106.0,9.110832688288363,1.72,5.883610896096122
Bangalore,6.18,1.0,7.0,89.0,10.0,,8.09
Seoul,5.74,0.0,19.0,136.0,8.540526633976404,4.72,6.333508877992134
Macau,6.67,0.0,0.0,33.0,10.0,0.13,5.6000000000000005
Samsun Airport,6.84,10.0,0.0,196.0,9.04435424202746,10.0,8.62811808067582
Jerba,6.47,5.0,7.0,151.0,9.979188020710543,,8.224594010355272
Humberside,6.67,0.0,0.0,45.0,0.0,,3.335
Aberdeen,6.44,0.0,2.0,58.0,0.0,0.66,2.3666666666666667
Astana,6.75,1.0,0.0,40.0,0.0,,3.375
Kingston,6.67,0.0,0.0,25.0,0.0,,3.335
Xiamen Gaoqi,6.11,0.0,8.0,95.0,9.953257374628684,,8.031628687314342
Cairo,6.79,6.0,0.0,164.0,9.999999999999998,9.68,8.823333333333332
Guayaquil,5.23,2.0,9.0,37.0,10.0,,7.615
Toulouse,6.86,4.0,0.0,69.0,9.999999999999998,,8.43
Moscow - Vnukovo,6.74,1.0,0.0,45.0,0.0,1.87,2.8699999999999997
Heraklion Airport,6.75,2.0,0.0,78.0,10.0,1.6,6.116666666666667
Malmo,6.32,0.0,1.0,19.0,0.0,,3.16
Changchun Longjia,5.96,1.0,10.0,90.0,10.0,8.91,8.290000000000001
Al Hoceima,6.67,0.0,0.0,109.0,,0.61,3.64
Milan - Linate,6.88,3.0,0.0,47.0,0.0,1.75,2.8766666666666665
Indira Gandhi,5.25,1.0,9.0,40.0,0.0,,2.625
Hiroshima,4.89,0.0,4.0,15.0,0.0,,2.445
Lille,6.9,2.0,0.0,29.0,0.0,0.05,2.316666666666667
Exeter,6.72,1.0,0.0,67.0,0.0,,3.36
Belgrade,6.83,2.0,0.0,42.0,0.0,,3.415
Managua,6.87,4.0,0.0,66.0,9.455220141642975,0.12,5.481740047214326
Vaxjo,4.67,1.0,2.0,5.0,0.0,,2.335
Amsterdam - Schiphol,6.79,1.0,0.0,27.0,0.0,0.0,2.263333333333333
Szczecin,6.89,3.0,0.0,45.0,0.0,,3.445
Accra,6.83,4.0,0.0,80.0,9.998051094576688,,8.414025547288343
Douala,7.0,1.0,0.0,10.0,0.0,,3.5
Barcelona,6.54,3.0,3.0,76.0,0.0,,3.27
Johannesburg,6.82,2.0,0.0,44.0,10.0,,8.41
Newcastle,6.47,0.0,2.0,68.0,0.0,4.87,3.78
Ibaraki,4.44,0.0,3.0,9.0,0.0,,2.22
Yantai Penglai,6.03,2.0,10.0,94.0,9.972627549374343,,8.001313774687171
Lima,6.77,4.0,0.0,132.0,9.991862889279197,1.27,6.010620963093065
London Southend Airport,6.74,1.0,0.0,43.0,0.0,,3.37
Rabat,6.53,8.0,8.0,191.0,9.999483969237309,0.03,5.51982798974577
Guangzhou Baiyun,6.09,1.0,9.0,98.0,9.74763175206672,8.31,8.04921058402224
Antalya Gazipasa Airport,6.83,10.0,0.0,207.0,9.2301984129937,,8.03009920649685
Cozumel,6.87,5.0,0.0,83.0,9.9990011315203,,8.43450056576015
Danang,6.67,0.0,0.0,38.0,0.0,,3.335
Berlin Brandenburg,6.82,3.0,0.0,65.0,0.0,,3.41
Tbilisi,6.83,2.0,0.0,41.0,0.0,,3.415
Monterrey,6.84,4.0,0.0,77.0,10.0,,8.42
Leeds Bradford,6.23,0.0,4.0,61.0,0.0,3.21,3.146666666666667
Bergen,6.81,2.0,0.0,45.0,0.0,0.55,2.453333333333333
Naha,4.94,0.0,7.0,27.0,0.0,,2.47
Katowice,5.0,0.0,5.0,20.0,0.0,,2.5
Harbin Taiping,6.75,2.0,0.0,77.0,0.0,,3.375
Baku,4.94,1.0,8.0,29.0,0.0,,2.47
Zaporizhya,8.04,7.0,0.0,17.0,,,8.04
Paramaribo,6.79,1.0,0.0,28.0,0.0,,3.395
Murcia,6.75,1.0,0.0,39.0,0.0,2.63,3.1266666666666665
Kayseri Airport,6.84,10.0,0.0,191.0,10.0,,8.42
Santiago Cibao,6.79,2.0,0.0,55.0,2.386470660796951,0.15,3.108823553598984
Treviso,5.69,1.0,3.0,17.0,0.0,7.12,4.2700000000000005
Hangzhou Xiaoshan,6.09,1.0,9.0,98.0,2.415230638693507,9.71,6.071743546231169
Montego Bay,6.73,3.0,0.0,155.0,9.611246344354115,0.05,5.463748781451372
Cayenne,6.45,3.0,3.0,47.0,10.0,,8.225
Dalian Zhoushuizi,6.75,2.0,0.0,81.0,9.944036592764622,7.51,8.068012197588208
Rio de Janeiro,6.82,6.0,0.0,128.0,10.0,9.0,8.606666666666667
Mudanjiang Hailang,6.71,1.0,0.0,82.0,8.446070841184463,,7.578035420592231
Gerona,6.44,2.0,3.0,59.0,0.0,5.82,4.086666666666667
Shannon,5.0,0.0,2.0,8.0,0.0,,2.5
Chongqing Jiangbei,5.99,1.0,10.0,94.0,9.908305088901326,9.71,8.536101696300442
Los Cabos,6.83,6.0,0.0,121.0,9.93263681903063,,8.381318409515316
Aswan,6.79,4.0,0.0,108.0,0.0,8.53,5.1066666666666665
Florianopolis,6.79,3.0,0.0,81.0,10.0,4.51,7.099999999999999
Cukurova Airport,6.86,9.0,0.0,158.0,9.083979949225299,,7.971989974612649
Rostov Don,7.81,13.0,0.0,38.0,,,7.81
Piarco,6.67,0.0,0.0,85.0,,0.0,3.335
Fortaleza,6.87,4.0,0.0,67.0,10.0,0.0,5.623333333333334
Glasgow,6.48,0.0,2.0,73.0,0.0,0.91,2.4633333333333334
Bristol,6.47,0.0,2.0,69.0,0.0,,3.235
Nice,6.77,4.0,1.0,65.0,10.0,,8.385
Yinchuan Hedong,6.52,0.0,2.0,88.0,7.01408010858033,0.07,4.534693369526777
Salvador,6.84,3.0,0.0,59.0,10.0,0.0,5.613333333333333
Ulaanbaatar,6.67,0.0,0.0,81.0,0.0,,3.335
Bariloche,5.0,1.0,1.0,2.0,0.0,,2.5
Santiago Arturo Merino Benitez,6.67,0.0,0.0,84.0,10.0,,8.335
Krakow Balice,6.79,2.0,0.0,55.0,0.0,8.04,4.9433333333333325
Singapore - Changi,6.83,3.0,0.0,62.0,0.0,6.3,4.376666666666666
Addis Ababa,6.81,7.0,0.0,163.0,9.997484903189287,1.92,6.242494967729762
Oslo,6.78,2.0,0.0,60.0,0.0,,3.39
Pointe-a-Pitre,6.35,3.0,4.0,53.0,10.0,4.98,7.11
Porto,6.89,3.0,0.0,45.0,0.0,0.01,2.3
Bujumbura,5.0,0.0,4.0,16.0,0.0,0.66,1.8866666666666667
Phu Quok,6.87,2.0,0.0,33.0,0.0,,3.435
Marseille,6.76,4.0,1.0,68.0,10.0,0.24,5.666666666666665
Shandong,6.85,4.0,0.0,72.0,,,6.85
Grenoble,6.35,2.0,2.0,21.0,10.0,,8.175
Brasilia,6.81,4.0,0.0,93.0,9.999924497984523,1.87,6.226641499328174
Porto Alegre,6.85,4.0,0.0,73.0,10.0,1.21,6.0200000000000005
Nanning Wuxu,6.7,3.0,1.0,88.0,9.375967349051194,5.01,7.028655783017065
Bydgoszcz,5.17,1.0,5.0,20.0,0.0,,2.585
Abidjan,6.56,4.0,3.0,64.0,10.0,,8.28
Corfu,5.59,1.0,11.0,65.0,10.0,6.1,7.2299999999999995
Moscow - Domodedovo,6.76,2.0,0.0,68.0,0.0,9.93,5.563333333333333
Chania,5.86,2.0,8.0,58.0,0.0,8.85,4.903333333333333
Marka,6.89,2.0,0.0,30.0,0.0,,3.445
Praia,6.85,3.0,0.0,55.0,10.0,5.47,7.44
Recife,6.86,5.0,0.0,88.0,9.993827488258754,4.83,7.227942496086253
Wuhan Tianhe,6.07,1.0,9.0,95.0,7.367285608272308,9.73,7.72242853609077
Juba,6.9,1.0,0.0,14.0,0.0,,3.45
Cardiff,6.43,0.0,2.0,57.0,0.0,3.13,3.186666666666666
Ostrava,6.83,1.0,0.0,20.0,0.0,0.05,2.2933333333333334
London Gatwick,6.58,2.0,2.0,74.0,0.0,,3.29
Denizli Cardak Airport,6.85,5.0,0.0,93.0,9.342410201852896,0.06,5.417470067284298
Panama Tocumen,6.79,3.0,0.0,81.0,9.963692734468804,9.66,8.804564244822934
Basel,6.35,5.0,7.0,94.0,10.0,1.31,5.886666666666667
Tokyo - Haneda,5.05,0.0,8.0,33.0,0.0,,2.525
Milan - Malpensa,6.82,3.0,0.0,67.0,0.0,10.0,5.6066666666666665
Moscow - Sheremetyevo,6.8,2.0,0.0,49.0,0.0,,3.4
London Luton,6.46,2.0,3.0,64.0,0.0,,3.23
London Stansted,6.57,2.0,2.0,72.0,0.0,,3.285
Natal,6.84,4.0,0.0,77.0,10.0,0.11,5.6499999999999995
Rhodes,5.6,1.0,13.0,78.0,10.0,,7.8
Lodz,6.83,2.0,0.0,41.0,0.0,,3.415
Olsztyn,6.84,2.0,0.0,39.0,0.0,,3.42
Guatemala City,6.89,4.0,0.0,61.0,5.116465043005254,0.03,4.012155014335084
Perth,6.71,1.0,0.0,70.0,10.0,,8.355
San Salvador Comalapa,6.84,4.0,0.0,76.0,9.80330619877573,0.02,5.55443539959191
Durban,6.74,1.0,0.0,45.0,10.0,3.13,6.623333333333334
Yerevan,6.67,0.0,0.0,82.0,0.0,0.9,2.5233333333333334
Tunis,6.4,5.0,9.0,160.0,9.99054256700627,0.28,5.556847522335424
Alicante,6.32,1.0,4.0,68.0,0.0,,3.16
Antigua,6.79,1.0,0.0,28.0,0.0,,3.395
Tegucigalpa,9.0,7.0,0.0,10.0,,,9.0
Ohrid,6.83,3.0,0.0,63.0,0.0,0.17,2.3333333333333335
Birmingham,6.38,0.0,3.0,71.0,0.0,5.82,4.066666666666666
Rosario,6.9,1.0,0.0,14.0,0.0,,3.45
Enfidha,6.85,7.0,0.0,127.0,9.993238406552752,10.0,8.947746135517583
Basseterre (Saint Kitts),6.79,3.0,0.0,81.0,9.938044863528374,,8.364022431764187
Krasnodar,7.47,6.0,0.0,25.0,,,7.47
Johor Bahru,6.13,0.0,2.0,25.0,7.83551210042228,10.0,7.9885040334740935
Cordoba,6.89,1.0,0.0,15.0,0.0,,3.445
Palermo,6.86,2.0,0.0,34.0,0.0,,3.43
Cheongju,6.08,0.0,9.0,102.0,9.898377443336164,2.56,6.179459147778721
Cali,6.8,3.0,0.0,73.0,8.857973444182221,0.5,5.38599114806074
Mahon Airport,6.26,1.0,4.0,58.0,0.0,5.7,3.986666666666667
Copenhagen,6.83,2.0,0.0,41.0,0.0,0.0,2.276666666666667
Salzburg,6.78,1.0,0.0,29.0,0.0,3.64,3.473333333333333
London City,6.8,2.0,0.0,50.0,0.0,0.61,2.47
Liverpool,6.47,0.0,2.0,68.0,0.0,,3.235
Duesseldorf,6.8,3.0,0.0,75.0,0.0,,3.4
Cape Town,6.9,3.0,0.0,42.0,10.0,0.28,5.726666666666667
PRISTINA,6.93,6.0,0.0,75.0,0.0,10.0,5.6433333333333335
Fuerteventura,6.76,2.0,0.0,70.0,0.0,4.83,3.8633333333333333
Kazan,8.75,5.0,0.0,8.0,,,8.75
Sardar Vallabh Bhai Patel,4.87,0.0,7.0,26.0,0.0,,2.435
Mangalore,4.87,0.0,7.0,26.0,0.0,10.0,4.956666666666667
Zia,4.93,1.0,7.0,25.0,0.0,,2.465
Espargos,6.5,5.0,5.0,99.0,9.999926747817097,2.26,6.253308915939033
Ekaterinburg,6.79,1.0,0.0,28.0,0.0,9.28,5.3566666666666665
Novosibirsk,6.83,1.0,0.0,21.0,0.0,,3.415
Strasbourg,6.92,1.0,0.0,13.0,0.0,10.0,5.640000000000001
Kota Kinabalu,6.67,0.0,0.0,20.0,3.372223071181363,,5.0211115355906815
Nanchang Changbei,6.62,1.0,1.0,80.0,10.0,7.44,8.020000000000001
Muscat,6.78,2.0,0.0,61.0,0.0,1.92,2.9
Beirut - Rafik Hariri,6.77,2.0,0.0,63.0,0.0,,3.385
Elblag,5.0,0.0,4.0,16.0,0.0,,2.5
Sanya Fenghuang,6.71,1.0,0.0,80.0,0.0,,3.355
Southampton,6.71,1.0,0.0,72.0,0.0,,3.355
Cochin,6.67,0.0,0.0,31.0,0.0,,3.335
Stavanger,6.78,2.0,0.0,58.0,0.0,,3.39
Santiago De Compostela,6.79,2.0,0.0,53.0,0.0,3.21,3.3333333333333335
Billund,6.67,0.0,0.0,18.0,0.0,,3.335
Belize City,5.38,2.0,6.0,26.0,0.0,,2.69
Curacao,6.75,1.0,0.0,40.0,0.0,,3.375
Bourgas,6.2,1.0,3.0,36.0,0.0,0.02,2.0733333333333333
Oita,7.22,1.0,0.0,6.0,0.0,,3.61
Poznan-Lawica,4.81,0.0,5.0,18.0,0.0,,2.405
Bordeaux,6.5,2.0,2.0,39.0,10.0,4.9,7.133333333333333
Kutahya Airport,6.95,9.0,0.0,105.0,10.0,,8.475
Charleroi,6.67,2.0,1.0,21.0,0.0,,3.335
St. George's Point Saline,6.81,3.0,0.0,72.0,9.9993873353484,1.01,5.939795778449468
Alexandria,6.76,3.0,0.0,111.0,0.0,,3.38
Fort-de-France,6.15,3.0,6.0,58.0,10.0,5.56,7.2366666666666655
Miyazaki,6.67,0.0,0.0,6.0,0.0,,3.335
Haiphong,8.33,2.0,0.0,4.0,0.0,,4.165
Asyut,5.33,2.0,6.0,25.0,0.0,,2.665
Aomori,4.44,0.0,2.0,6.0,0.0,,2.22
Aalborg,6.67,0.0,0.0,13.0,0.0,,3.335
Varna,6.76,1.0,0.0,36.0,0.0,,3.38
Christchurch,4.44,0.0,3.0,9.0,0.0,,2.22
Asturias,6.97,2.0,0.0,22.0,0.0,,3.485
St. Petersburg Pulkovo,6.75,1.0,0.0,38.0,0.0,0.0,2.25
Pengsheng,5.0,1.0,4.0,14.0,0.0,,2.5
Krasnoyarsk,6.88,3.0,0.0,46.0,0.0,10.0,5.626666666666666
Paris Orly,6.76,4.0,1.0,68.0,9.999999999999996,,8.379999999999999
Bremen,6.77,1.0,0.0,31.0,0.0,,3.385
Yangyang,6.67,0.0,0.0,73.0,10.0,,8.335
East Midlands,6.15,0.0,5.0,65.0,0.0,4.71,3.6199999999999997
Sochi,6.75,1.0,0.0,39.0,0.0,5.55,4.1000000000000005
Dresden,7.14,3.0,0.0,21.0,0.0,,3.57
Nador,6.86,6.0,0.0,102.0,9.98996676167996,0.05,5.633322253893321
Muan,6.56,0.0,1.0,61.0,10.0,,8.28
Vientiane,5.93,0.0,4.0,36.0,0.0,,2.965
Glasgow Prestwick,6.36,0.0,2.0,43.0,0.0,10.0,5.453333333333333
Tirana,6.19,4.0,10.0,113.0,0.0,0.33,2.1733333333333333
Kaohsiung,5.89,0.0,5.0,43.0,9.967393876535425,6.83,7.562464625511808
Graz,6.79,1.0,0.0,26.0,0.0,,3.395
Rzeszow,5.0,0.0,5.0,20.0,0.0,,2.5
Jaipur,4.87,0.0,7.0,26.0,0.0,,2.435
Cologne,6.91,3.0,0.0,41.0,0.0,,3.455
Mazatlan,6.85,5.0,0.0,91.0,9.321659754636126,,8.085829877318062
Minsk,6.79,1.0,0.0,26.0,0.0,,3.395
Goa,4.87,0.0,7.0,26.0,0.0,7.72,4.196666666666666
Santander,6.92,2.0,0.0,26.0,0.0,0.05,2.3233333333333333
Palma De Mallorca,6.48,2.0,3.0,72.0,0.0,,3.24
Trichy,4.87,0.0,7.0,26.0,0.0,,2.435
Netaji Subhash Chandra Bose Int. Airport,4.87,0.0,7.0,26.0,0.0,,2.435
Jieyang Chaoshan,6.71,1.0,0.0,74.0,,,6.71
Penang,6.67,0.0,0.0,21.0,10.0,,8.335
Everrich Downtown Kinmen,5.89,0.0,5.0,43.0,9.96434819317729,1.08,5.644782731059098
Ciampino Airport,5.83,1.0,5.0,36.0,0.0,,2.915
Roland Garros,6.67,2.0,1.0,31.0,10.0,3.39,6.686666666666667
A Coruna,6.92,2.0,0.0,26.0,0.0,,3.46
Montpellier,6.88,1.0,0.0,16.0,0.0,,3.44
Stockholm Arlanda,6.92,2.0,0.0,26.0,0.0,,3.46
Niamey,5.0,1.0,4.0,14.0,0.0,,2.5
Tarbes - Lourdes,6.67,0.0,0.0,20.0,9.999999999999998,10.0,8.889999999999999
Karipur,4.87,0.0,7.0,26.0,0.0,,2.435
Kutaisi,6.78,1.0,0.0,29.0,0.0,0.0,2.2600000000000002
Samarkand,10.0,8.0,0.0,8.0,,,10.0
Luxor,6.79,4.0,0.0,112.0,0.0,4.89,3.893333333333333
Sydney,6.67,0.0,0.0,21.0,0.0,,3.335
Rotterdam,6.92,1.0,0.0,13.0,0.0,0.0,2.3066666666666666
Hamburg,6.82,3.0,0.0,64.0,0.0,,3.41
Beauvais,6.53,1.0,1.0,25.0,0.0,,3.265
Acapulco,8.48,30.0,0.0,55.0,,,8.48
Min Vody,6.75,1.0,0.0,40.0,0.0,3.73,3.4933333333333336
Siem Reap,7.16,14.0,0.0,95.0,,,7.16
Queretaro,7.14,2.0,0.0,14.0,0.0,9.99,5.71
Kos,6.72,1.0,0.0,60.0,0.0,0.05,2.2566666666666664
Shenzhen Bao'an,7.19,13.0,0.0,83.0,,,7.19
Pula,8.89,2.0,0.0,3.0,,,8.89
Kyiv,7.5,11.0,0.0,44.0,,,7.5
Sandefjord-Torp,6.05,1.0,3.0,27.0,0.0,,3.025
Kristiansand,7.6,9.0,0.0,32.0,,,7.6
Lisbon,6.86,3.0,0.0,53.0,0.0,,3.43
Vilnius,6.94,1.0,0.0,12.0,0.0,,3.47
Soekarno Hatta,6.85,3.0,0.0,54.0,9.999999999999998,0.13,5.659999999999999
Venice,6.78,2.0,0.0,60.0,0.0,0.46,2.4133333333333336
La Palma,5.96,3.0,8.0,61.0,0.0,0.46,2.14
Torino,5.78,0.0,2.0,15.0,0.0,10.0,5.260000000000001
Kilimanjaro,6.75,3.0,1.0,41.0,0.0,,3.375
Fuzhou Changle,6.02,0.0,9.0,93.0,10.0,10.0,8.673333333333334
Volgograd,6.88,2.0,0.0,32.0,0.0,,3.44
Lusaka,6.92,1.0,0.0,13.0,0.0,10.0,5.640000000000001
Conakry,9.17,9.0,0.0,12.0,,,9.17
Sihanoukville,6.72,1.0,0.0,59.0,10.0,9.98,8.9
Sfax,6.12,3.0,5.0,43.0,10.0,8.11,8.076666666666666
Taiyuan Wusu,6.71,1.0,0.0,80.0,10.0,9.04,8.583333333333334
Odessa,7.62,6.0,0.0,21.0,,,7.62
Makhachkala,6.94,1.0,0.0,12.0,0.0,,3.47
Banja Luka,6.67,2.0,1.0,22.0,0.0,,3.335
Chambery,6.86,1.0,0.0,17.0,0.0,,3.43
Helsinki-Vantaa,7.04,1.0,0.0,9.0,0.0,,3.52
Rabil,6.09,2.0,5.0,46.0,9.999999999999996,5.47,7.186666666666665
Kinshasa,6.92,1.0,0.0,13.0,0.0,,3.46
Moi,8.89,8.0,0.0,12.0,,,8.89
Quito,6.86,4.0,0.0,70.0,9.734068433799413,1.12,5.904689477933139
Tozeur,6.36,1.0,2.0,33.0,10.0,,8.18
Mendoza,6.85,1.0,0.0,18.0,0.0,,3.425
Faroe Islands,6.67,0.0,0.0,16.0,0.0,,3.335
Bandaranaike,5.1,0.0,8.0,34.0,0.0,10.0,5.033333333333333
Riga,6.9,1.0,0.0,14.0,0.0,,3.45
Khabarovsk,7.67,6.0,0.0,20.0,,,7.67
Norwich,6.82,2.0,0.0,44.0,0.0,,3.41
Togo,5.83,1.0,3.0,20.0,0.0,,2.915
Dortmund,6.77,1.0,0.0,32.0,0.0,0.0,2.2566666666666664
Ras El Khaymah,6.8,2.0,0.0,50.0,0.0,,3.4
Nantes,6.6,3.0,2.0,51.0,10.0,1.4,6.0
Kralendijk (Bonaire),6.79,1.0,0.0,26.0,0.0,,3.395
Chisinau,7.76,17.0,0.0,52.0,,,7.76
La Paz Manuel Marquez de Leon,6.84,2.0,0.0,39.0,0.0,1.95,2.9299999999999997
Jerez De La Frontera,6.91,3.0,0.0,41.0,0.0,0.66,2.5233333333333334
Buenos Aires Aeroparque,6.91,3.0,0.0,41.0,0.0,,3.455
Trondheim,6.79,2.0,0.0,56.0,0.0,,3.395
Lucknow,4.87,0.0,7.0,26.0,0.0,,2.435
Vienna,6.77,1.0,0.0,31.0,0.0,,3.385
Santa Cruz Viru Viru,10.0,8.0,0.0,8.0,,,10.0
Kyiv - Zhulyany,7.72,13.0,0.0,41.0,,,7.72
Beira,8.75,5.0,0.0,8.0,,,8.75
Nouakchott,6.9,3.0,0.0,42.0,0.0,,3.45
Samos,6.76,1.0,0.0,34.0,0.0,,3.38
Kharkiv,7.78,5.0,0.0,15.0,,,7.78
London Heathrow,6.55,3.0,3.0,83.0,0.0,7.12,4.556666666666667
Skiathos,6.67,0.0,0.0,33.0,0.0,,3.335
Jersey,6.67,0.0,0.0,30.0,0.0,2.31,2.9933333333333336
Umea,7.08,1.0,0.0,8.0,0.0,,3.54
Lviv,7.36,15.0,0.0,72.0,,,7.36
Providenciales (Turks and Caicos),7.5,1.0,0.0,4.0,,,7.5
Belgorod,7.78,3.0,0.0,9.0,,,7.78
Basrah,6.81,1.0,0.0,24.0,0.0,,3.405
Yancheng Nanyang,6.73,1.0,0.0,54.0,0.0,,3.365
Karpathos,5.76,1.0,2.0,11.0,0.0,,2.88
Verona,6.83,2.0,0.0,41.0,0.0,,3.415
Eskisehir Airport,6.87,5.0,0.0,81.0,8.938868357172069,,7.904434178586035
Voronezh,7.85,11.0,0.0,31.0,,,7.85
Samara,6.67,0.0,0.0,13.0,0.0,,3.335
Buenos Aires - Ezeiza,6.84,3.0,0.0,57.0,0.0,0.0,2.28
Aarhus,6.67,0.0,0.0,15.0,0.0,,3.335
Sierra Leone,5.42,1.0,2.0,8.0,0.0,10.0,5.14
Bari,5.78,0.0,2.0,15.0,0.0,,2.89
Edinburgh,6.47,0.0,2.0,69.0,0.0,0.56,2.3433333333333333
Eindhoven,6.88,1.0,0.0,16.0,0.0,,3.44
Abuja,6.28,3.0,4.0,43.0,9.999999999999998,3.05,6.4433333333333325
Astrakhan,6.9,3.0,0.0,43.0,0.0,,3.45
Anna,4.87,0.0,7.0,26.0,0.0,,2.435
Baghdad,6.78,1.0,0.0,29.0,0.0,,3.39
Dublin,5.83,0.0,3.0,24.0,0.0,10.0,5.276666666666666
Nis,6.53,1.0,1.0,25.0,0.0,,3.265
Cam Ranh,6.22,0.0,2.0,30.0,0.0,10.0,5.406666666666666
Brisbane,6.67,0.0,0.0,20.0,0.0,,3.335
Luanda,6.9,1.0,0.0,14.0,0.0,,3.45
Madeira,6.67,2.0,1.0,24.0,0.0,0.8,2.4899999999999998
Bilbao,6.84,3.0,0.0,58.0,0.0,2.31,3.0500000000000003
Kuala Lumpur,6.52,2.0,2.0,47.0,9.165350911491958,,7.842675455745979
Erfurt,10.0,7.0,0.0,7.0,,,10.0
Granada,5.76,1.0,2.0,11.0,0.0,4.22,3.3266666666666667
Warsaw-Modlin,6.92,2.0,0.0,26.0,0.0,,3.46
Sarajevo,4.91,0.0,5.0,19.0,0.0,,2.455
Wroclaw,5.17,1.0,5.0,20.0,0.0,,2.585
Zanzibar,5.44,1.0,4.0,19.0,0.0,,2.72
Okayama,6.44,0.0,1.0,29.0,9.93444221175235,,8.187221105876175
Bamako,6.89,1.0,0.0,15.0,0.0,,3.445
Tashkent,5.6,2.0,5.0,25.0,0.0,4.46,3.353333333333333
Liberia,5.24,1.0,2.0,7.0,0.0,,2.62
Cork,5.67,0.0,3.0,20.0,0.0,10.0,5.223333333333334
Lubumbashi,7.14,1.0,0.0,7.0,0.0,,3.57
Ramon,10.0,15.0,0.0,15.0,,,10.0
Kavala,5.52,1.0,6.0,32.0,0.0,7.13,4.216666666666666
Munster-Osnabruck,4.9,1.0,5.0,17.0,0.0,,2.45
Radom,5.56,1.0,2.0,9.0,0.0,,2.78
Brussels,6.67,2.0,1.0,23.0,0.0,1.95,2.873333333333333
Memmingen,10.0,4.0,0.0,4.0,,,10.0
Entebbe,4.8,0.0,7.0,25.0,0.0,9.99,4.93
Bridgetown,6.76,1.0,0.0,34.0,0.0,,3.38
Maputo,9.17,9.0,0.0,12.0,,,9.17
Mitilini,6.77,1.0,0.0,33.0,0.0,,3.385
Shymkent,7.92,9.0,0.0,24.0,,,7.92
Guernsey,5.56,1.0,2.0,9.0,0.0,,2.78
Ufa,7.62,8.0,0.0,28.0,,,7.62
Alesund,8.97,9.0,0.0,13.0,,,8.97
Hrabrovo,7.62,10.0,0.0,35.0,,,7.62
Vladivostok,9.67,9.0,0.0,10.0,,,9.67
Coolangatta,8.33,3.0,0.0,6.0,,,8.33
Tuzla,4.91,0.0,5.0,19.0,0.0,,2.455
Yangon,5.77,1.0,4.0,26.0,0.0,,2.885
Tulear,6.97,1.0,0.0,11.0,0.0,,3.485
Ioannina,6.98,2.0,0.0,21.0,0.0,10.0,5.66
Paderborn,6.82,2.0,0.0,44.0,0.0,,3.41
Hatay Airport,9.52,12.0,0.0,14.0,,,9.52
Nairobi,6.67,0.0,0.0,10.0,0.0,,3.335
Bangui,8.33,2.0,0.0,4.0,0.0,,4.165
Yingsheng,10.0,10.0,0.0,10.0,,,10.0
San Jose,5.24,1.0,2.0,7.0,0.0,,2.62
Djibouti,5.0,1.0,2.0,6.0,0.0,,2.5
Nanjing Lukou,5.42,1.0,2.0,8.0,5.515333432355289,,5.467666716177645
Pamandzi,4.85,0.0,3.0,11.0,0.0,,2.425
Hebei,5.15,1.0,3.0,11.0,0.0,,2.575
Takamatsu,5.0,0.0,3.0,12.0,0.0,,2.5
Budapest,8.33,2.0,0.0,4.0,,,8.33
Queenstown,4.44,0.0,2.0,6.0,0.0,,2.22
Quanzhou,6.25,1.0,1.0,8.0,0.0,,3.125
Nykoping,6.67,2.0,1.0,5.0,0.0,,3.335
Orebro,7.78,1.0,0.0,3.0,0.0,,3.89
Zagreb,6.11,1.0,1.0,6.0,0.0,,3.055
Lulea,7.33,1.0,0.0,5.0,0.0,,3.665
Karlsruhe Baden-Baden,10.0,4.0,0.0,4.0,,,10.0
Dushanbe,7.86,5.0,0.0,14.0,,,7.86
Windhoek,6.67,0.0,0.0,17.0,0.0,,3.335
Kaunas,6.94,1.0,0.0,12.0,0.0,0.0,2.3133333333333335
Genoa,5.76,1.0,2.0,11.0,0.0,,2.88
Vigo,6.86,1.0,0.0,17.0,0.0,,3.43
Guiyang Longdongbao,7.78,1.0,0.0,3.0,0.0,,3.89
Wellington,8.57,4.0,0.0,7.0,,,8.57
Iwate,6.67,0.0,0.0,3.0,0.0,,3.335
Bologna,5.78,0.0,2.0,15.0,0.0,,2.89
Kigali,4.89,0.0,4.0,15.0,0.0,1.72,2.203333333333333
Auckland,4.44,0.0,3.0,9.0,0.0,,2.22
Mandalay,5.42,1.0,2.0,8.0,0.0,,2.71
Brno,4.44,0.0,3.0,9.0,0.0,,2.22
Podgorica,5.56,1.0,1.0,3.0,0.0,,2.78
Shizuoka,5.83,0.0,1.0,8.0,0.0,,2.915
Harare,10.0,3.0,0.0,3.0,,,10.0
Gothenburg,6.67,0.0,0.0,4.0,,,6.67
Zadar,8.89,2.0,0.0,3.0,,,8.89
Mombasa,9.0,7.0,0.0,10.0,,,9.0
Dnipropetrovsk,8.0,2.0,0.0,5.0,,,8.0
La Paz El Alto,10.0,5.0,0.0,5.0,,,10.0
Yaounde,8.15,4.0,0.0,9.0,,,8.15
Kagoshima,5.71,0.0,1.0,7.0,0.0,,2.855
Gibraltar,5.33,0.0,3.0,15.0,0.0,,2.665
Dubrovnik,7.78,1.0,0.0,3.0,0.0,,3.89
Gaborone,7.78,1.0,0.0,3.0,0.0,0.0,2.5933333333333333
Montevideo,6.67,0.0,0.0,10.0,0.0,,3.335
Manila - Ninoy Aquino,6.92,1.0,0.0,13.0,0.0,,3.46
Split,7.78,1.0,0.0,3.0,0.0,,3.89
Aktau,10.0,7.0,0.0,7.0,,,10.0
Kalibo,7.78,1.0,0.0,3.0,0.0,,3.89
Cairns,7.08,1.0,0.0,8.0,0.0,,3.54
Adelaide,6.19,1.0,1.0,7.0,0.0,,3.095
Punta del Este,3.33,1.0,1.0,1.0,0.0,,1.665
Fukushima,6.67,0.0,0.0,3.0,0.0,,3.335
Mactan,6.67,0.0,0.0,3.0,,,6.67
Islamabad,3.33,1.0,1.0,1.0,,,3.33
Zhukovsky,,,,,0.0,,0.0
Daegu (downtown),,,,,9.733431333086468,,9.733431333086468
Cartagena de Indias,,,,,0.0,,0.0
Busan - Kimhae (downtown),,,,,2.6408985366861493,,2.6408985366861493
Huatulco,,,,,0.0,,0.0
Iloilo,,,,,0.0,,0.0
Seoul (downtown),,,,,0.3496579551187395,,0.3496579551187395
Tokyo - Shinjuku,,,,,0.0,,0.0
Jeju (downtown),,,,,0.11846661695817447,,0.11846661695817447
Manila Downtown Shop,,,,,0.0,,0.0
Danang Downtown Shop,,,,,0.0,,0.0
